{"cameraMode":{"drawMode":0,"name":"Shaded","section":"Shading Mode"},"sceneLighting":true,"audioPlay":false,"sceneViewState":{"showFog":true,"showMaterialUpdate":false,"showSkybox":true,"showFlares":true,"showImageEffects":true,"showParticleSystems":true},"in2DMode":false,"pivot":{"x":-4.733518600463867,"y":13.36855411529541,"z":-0.24091339111328126},"rotation":{"x":-0.0484602265059948,"y":0.22924917936325074,"z":-0.011428176425397396,"w":-0.972102165222168},"size":53.647640228271487,"orthographic":false}