{"cameraMode":{"drawMode":0,"name":"Shaded","section":"Shading Mode"},"sceneLighting":true,"audioPlay":false,"sceneViewState":{"showFog":true,"showMaterialUpdate":false,"showSkybox":true,"showFlares":true,"showImageEffects":true,"showParticleSystems":true},"in2DMode":false,"pivot":{"x":0.1229557991027832,"y":0.15783286094665528,"z":-0.3513476848602295},"rotation":{"x":-0.13350538909435273,"y":0.8517580032348633,"z":-0.26236915588378909,"w":-0.43341344594955447},"size":6.8223466873168949,"orthographic":false}